model,rr,rr.lci,rr.uci,beta,beta.se,parish.SES
clog_1yr,1.0246775123993415,0.9955259200543933,1.054682739309826,0.024377941037047827,0.014725540628573818,Parish SES nonadjusted
clog_5yr,1.0166848016500298,0.9890568324221839,1.045084520951919,0.016547139480674867,0.014056440795452273,Parish SES nonadjusted
clog_10yr,1.0132632992244988,0.987260419252687,1.039951053980757,0.013176111754231756,0.013264049393616303,Parish SES nonadjusted
clog_1yr,1.0158302670276722,0.985241408506131,1.0473688199668179,0.015706275188078326,0.015599417473824732,Parish SES adjusted
clog_5yr,1.0052976267020828,0.9764419380725528,1.0350060549916154,0.0052836436406978864,0.014858996578044266,Parish SES adjusted
clog_10yr,1.0022910578422624,0.97516062703798,1.0301762979110058,0.0022884373709151913,0.014000772063420803,Parish SES adjusted
